Account_ID,Created_Date,Created_Time,Branch
ACC001,2026-01-01,09:00,Branch A
ACC002,2026-01-02,10:00,Branch B
ACC003,2026-01-03,11:00,Branch C
ACC004,2026-01-04,12:00,Branch D
ACC005,2026-01-05,13:00,Branch A
ACC006,2026-01-06,14:00,Branch B
ACC007,2026-01-07,15:00,Branch C
ACC008,2026-01-08,16:00,Branch D
ACC009,2026-01-09,09:15,Branch A
ACC010,2026-01-10,10:30,Branch B
ACC011,2026-01-11,11:45,Branch C
ACC012,2026-01-12,12:50,Branch D
ACC013,2026-01-13,13:05,Branch A
ACC014,2026-01-14,14:20,Branch B
ACC015,2026-01-15,15:35,Branch C
ACC016,2026-01-16,16:50,Branch D
ACC017,2026-01-17,09:05,Branch A
ACC018,2026-01-18,10:10,Branch B
ACC019,2026-01-19,11:25,Branch C
ACC020,2026-01-20,12:40,Branch D
ACC021,2026-01-21,13:55,Branch A
ACC022,2026-01-22,14:05,Branch B
ACC023,2026-01-23,15:15,Branch C
ACC024,2026-01-24,16:25,Branch D
ACC025,2026-01-25,09:35,Branch A
ACC026,2026-01-26,10:50,Branch B
ACC027,2026-01-27,11:55,Branch C
ACC028,2026-01-28,12:40,Branch D
ACC029,2026-01-29,13:50,Branch A
ACC030,2026-01-30,14:30,Branch B
